incident_type,collision_type,incident_severity,total_claim_amount,injury_claim,property_claim,vehicle_claim,fraud_reported
2,2,1,64300,6430,6430,51440,1
2,3,3,60190,4630,9260,46300,1
1,1,3,91520,8320,16640,66560,1
1,3,2,77000,15400,7700,53900,1
2,3,3,98670,15180,15180,68310,1
1,1,3,98160,8180,16360,73620,1
2,2,3,59400,6600,13200,39600,1
1,3,2,60390,10980,5490,43920,1
1,3,3,59800,5980,5980,47840,1
1,3,3,53600,6700,6700,40200,1
4,0,2,5580,620,620,4340,1
1,1,1,68240,8530,0,59710,1
1,3,1,74800,13600,6800,54400,1
2,3,1,73920,13440,6720,53760,1
2,2,1,68310,12420,6210,49680,1
1,1,2,43280,0,5410,37870,1
2,2,1,69000,13800,6900,48300,1
3,0,4,4730,860,860,3010,1
2,2,2,81070,7370,14740,58960,1
2,1,1,71610,13020,6510,52080,1
2,2,2,53730,11940,5970,35820,1
1,2,2,43700,4370,4370,34960,1
1,2,1,74280,12380,12380,49520,1
1,1,1,61380,11160,5580,44640,1
2,3,1,81240,6770,20310,54160,1
1,1,1,104610,19020,19020,66570,1
1,1,2,84480,7680,15360,61440,1
1,3,3,46200,4200,8400,33600,1
1,1,1,53100,10620,5310,37170,1
1,1,1,67300,6730,6730,53840,1
2,1,3,35860,3260,6520,26080,1
2,3,1,61050,11100,11100,38850,1
2,1,1,50800,10160,5080,35560,1
1,1,1,47630,12990,4330,30310,1
1,1,1,63840,10640,10640,42560,1
1,1,1,58300,5830,11660,40810,1
1,3,3,57240,4770,9540,42930,1
2,3,1,60600,6060,12120,42420,1
2,3,1,71520,17880,5960,47680,1
2,2,3,64800,12960,6480,45360,1
2,1,1,53600,5360,10720,37520,1
2,2,1,51810,9420,4710,37680,1
1,1,1,36720,4080,4080,28560,1
1,2,1,112320,17280,17280,77760,1
2,3,2,54240,9040,9040,36160,1
1,1,2,51390,5710,5710,39970,1
2,2,3,84920,7720,15440,61760,1
1,2,1,44200,4420,4420,35360,1
1,1,1,45540,8280,8280,28980,1
2,1,1,72400,7240,14480,50680,1
2,2,1,66480,5540,11080,49860,1
2,2,1,53460,9720,9720,34020,1
2,3,2,64890,7210,7210,50470,1
1,2,1,60320,9280,9280,41760,1
2,1,1,54960,6870,0,48090,1
2,3,1,70600,7060,14120,49420,1
1,2,1,70200,7020,7020,56160,1
3,0,2,6300,630,1260,4410,1
1,2,1,46800,4680,9360,32760,1
1,1,1,76560,12760,12760,51040,1
2,2,1,69930,0,15540,54390,1
2,3,1,60750,13500,6750,40500,1
1,2,3,81360,6780,13560,61020,1
1,1,1,74690,6790,13580,54320,1
1,1,2,84100,16820,8410,58870,1
3,0,2,4620,840,840,2940,1
2,3,2,76010,13820,6910,55280,1
1,1,1,87890,15980,7990,63920,1
2,1,1,32280,5380,5380,21520,1
2,1,1,31350,2850,5700,22800,1
2,3,1,60940,5540,11080,44320,1
1,3,2,76230,6930,13860,55440,1
1,3,1,55200,13800,9200,32200,1
2,2,1,53280,4440,8880,39960,1
2,2,1,50800,5080,5080,40640,1
1,1,1,60170,10940,10940,38290,1
2,1,1,77660,7060,14120,56480,1
2,3,1,69680,8710,8710,52260,1
2,2,1,60940,5540,11080,44320,1
2,2,1,56160,6240,6240,43680,1
2,1,3,68760,11460,5730,51570,1
1,1,3,88660,8060,16120,64480,1
1,1,3,61290,6810,6810,47670,1
1,3,3,54810,6090,6090,42630,1
2,3,3,55440,5040,10080,40320,1
2,2,3,47700,4770,9540,33390,1
1,3,3,55000,10000,10000,35000,1
1,2,3,47400,9480,4740,33180,1
1,2,1,82800,20700,13800,48300,1
1,3,1,79970,7270,21810,50890,1
1,3,1,70800,7080,14160,49560,1
1,3,1,92730,16860,8430,67440,1
2,3,3,63570,9780,9780,44010,1
2,1,2,66900,6690,13380,46830,1
1,2,2,89700,13800,13800,62100,1
2,3,1,35900,7180,3590,25130,1
2,1,1,71760,11040,11040,49680,1
1,1,1,75570,6870,13740,54960,1
1,1,1,99320,7640,15280,76400,1
2,3,1,69480,15440,0,54040,1
2,3,1,40810,3710,7420,29680,1
2,3,1,68200,12400,12400,43400,1
2,3,1,69080,12560,6280,50240,1
1,1,1,55440,0,6160,49280,1
2,1,1,62800,6280,6280,50240,1
2,3,1,63250,5750,11500,46000,1
2,3,1,64100,6410,6410,51280,1
2,3,1,50400,10080,5040,35280,1
1,3,1,77330,14060,14060,49210,1
1,1,1,73700,7370,7370,58960,1
2,2,1,63120,10520,10520,42080,1
2,1,1,64800,6480,12960,45360,1
1,3,1,86130,15660,7830,62640,1
2,3,1,35300,3530,3530,28240,1
1,3,1,50380,4580,9160,36640,1
1,2,1,71610,6510,13020,52080,1
2,3,1,55000,5000,10000,40000,1
2,2,1,45120,0,5640,39480,1
2,3,1,42680,3880,7760,31040,1
1,2,1,79800,13300,6650,59850,1
1,1,1,55170,6130,6130,42910,1
1,2,1,57690,6410,12820,38460,1
2,3,1,59400,13200,6600,39600,1
1,2,1,55000,10000,10000,35000,1
1,1,1,37280,0,0,37280,1
1,3,1,54200,5420,10840,37940,1
1,3,1,54360,4530,9060,40770,1
1,3,1,75400,7540,15080,52780,1
1,2,1,63600,5300,10600,47700,1
1,1,1,70590,10860,10860,48870,1
1,3,2,82610,7510,7510,67590,1
2,1,1,55200,11040,5520,38640,1
2,2,1,84500,13000,13000,58500,1
2,1,1,44730,4970,4970,34790,1
2,2,1,53280,11840,5920,35520,1
1,3,1,72200,14440,7220,50540,1
1,1,1,55660,5060,10120,40480,1
2,1,2,82320,13720,6860,61740,1
1,2,2,58500,11700,0,46800,1
1,2,2,40700,4070,4070,32560,1
2,2,1,74700,7470,14940,52290,1
1,2,1,82170,14940,7470,59760,1
2,3,1,47700,4770,9540,33390,1
2,2,1,34160,0,4270,29890,1
1,2,1,90860,12980,19470,58410,1
2,3,1,78100,15620,7810,54670,1
1,1,1,40260,3660,7320,29280,1
1,1,1,74200,14840,14840,44520,1
1,2,1,85900,17180,17180,51540,1
2,3,1,44880,8160,4080,32640,1
1,3,1,66780,7420,7420,51940,1
1,3,2,81840,14880,7440,59520,1
1,3,1,78980,7180,14360,57440,1
2,1,1,87960,14660,14660,58640,1
2,3,2,53400,5340,5340,42720,1
2,3,1,55400,5540,11080,38780,1
2,2,1,52650,5850,5850,40950,1
2,1,2,51900,5190,10380,36330,1
2,3,3,59100,5910,5910,47280,1
1,1,1,63580,5780,5780,52020,1
1,3,1,59900,11980,5990,41930,1
2,2,1,64350,5850,11700,46800,1
1,3,1,57860,0,10520,47340,1
2,1,1,74400,14880,7440,52080,1
3,0,4,5940,540,1080,4320,1
2,2,1,66880,6080,12160,48640,1
2,3,1,79800,6650,19950,53200,1
2,2,1,70400,6400,12800,51200,1
1,1,1,59000,5900,5900,47200,1
2,2,3,24570,2730,2730,19110,1
1,1,1,63400,6340,6340,50720,1
2,2,3,60500,11000,5500,44000,1
2,2,3,74360,13520,13520,47320,1
1,1,1,44440,8080,4040,32320,1
1,3,2,73260,16280,0,56980,1
3,0,2,5070,780,780,3510,1
4,0,2,6490,590,1180,4720,1
1,3,3,70290,12780,6390,51120,1
4,0,2,6120,680,680,4760,1
1,2,1,97080,16180,16180,64720,1
2,2,1,42700,0,6100,36600,1
1,2,2,48950,4450,8900,35600,1
1,3,1,71680,8960,8960,53760,1
2,3,3,59130,6570,6570,45990,1
2,3,3,78650,14300,7150,57200,1
2,1,1,68750,12500,12500,43750,1
1,3,2,56430,6270,6270,43890,1
2,1,1,59670,6630,6630,46410,1
2,3,1,64100,12820,6410,44870,1
2,1,2,59400,11880,5940,41580,1
2,3,1,71500,16500,11000,44000,1
2,2,1,51370,9340,4670,37360,1
1,1,1,107900,10790,21580,75530,1
1,2,1,98340,8940,17880,71520,1
1,2,1,72930,6630,6630,59670,1
1,1,2,53100,5310,5310,42480,1
1,3,1,36740,3340,6680,26720,1
2,3,3,78600,13100,19650,45850,1
2,1,3,75400,11600,11600,52200,1
1,1,3,62880,5240,10480,47160,1
2,1,1,68520,11420,5710,51390,1
3,0,4,5300,530,530,4240,1
4,0,4,6400,640,1280,4480,1
2,3,1,47790,5310,5310,37170,1
1,1,1,76400,15280,7640,53480,1
1,3,1,67770,7530,15060,45180,1
2,3,1,41580,3780,7560,30240,1
1,2,1,51920,9440,4720,37760,1
3,0,2,3900,390,780,2730,1
1,2,1,52400,6550,6550,39300,1
1,3,1,63800,6380,6380,51040,1
4,0,2,3600,360,720,2520,1
2,2,1,67140,7460,7460,52220,1
1,3,1,69200,13840,6920,48440,1
2,2,1,98280,15120,7560,75600,1
2,1,1,47760,5970,5970,35820,1
2,2,1,80850,7350,14700,58800,1
2,3,1,53820,11960,5980,35880,1
2,3,1,54400,5440,10880,38080,1
1,1,1,50300,10060,5030,35210,1
1,2,1,84590,7690,7690,69210,1
2,3,2,49950,5550,5550,38850,1
1,2,1,64200,6420,19260,38520,1
2,2,1,64000,12800,6400,44800,1
1,3,1,71190,0,7910,63280,1
1,3,3,66600,16650,11100,38850,1
4,0,4,2860,520,260,2080,1
1,3,1,49100,9820,4910,34370,1
2,3,1,52700,10540,10540,31620,1
1,2,1,53640,5960,5960,41720,1
2,3,1,80740,7340,14680,58720,1
2,3,1,65520,9360,9360,46800,1
2,1,1,50050,7700,3850,38500,1
3,0,2,5720,1040,520,4160,1
4,0,4,5000,500,1000,3500,1
1,3,1,68200,13640,6820,47740,1
2,3,3,42700,4270,4270,34160,1
2,1,1,65560,11920,11920,41720,1
1,2,1,70400,6400,19200,44800,1
1,2,1,52800,4800,9600,38400,1
1,3,1,55400,5540,11080,38780,1
1,3,1,71280,12960,12960,45360,1
1,2,3,58160,7270,7270,43620,1
1,3,3,60200,6020,6020,48160,1
4,0,2,4700,940,470,3290,1
2,2,1,75400,17400,11600,46400,1
1,1,1,70000,14000,7000,49000,1
2,3,2,54890,9980,4990,39920,0
2,2,3,55260,6140,0,49120,0
2,1,2,56160,4680,9360,42120,0
1,1,2,63120,5260,10520,47340,0
2,1,2,57860,5260,10520,42080,0
2,2,2,60190,9260,9260,41670,0
2,2,2,60000,5000,10000,45000,0
1,1,2,56340,6260,6260,43820,0
1,3,2,90000,18000,9000,63000,0
2,1,2,89400,14900,7450,67050,0
2,3,2,47740,4340,4340,39060,0
1,3,2,54300,10860,5430,38010,0
2,3,2,57120,9520,4760,42840,0
2,1,2,49140,5460,5460,38220,0
1,1,2,83490,7590,15180,60720,0
1,2,2,63900,6390,6390,51120,0
1,1,3,77000,14000,7000,56000,0
2,2,2,53190,5910,11820,35460,0
2,2,2,44280,4920,4920,34440,0
1,3,3,59070,5370,5370,48330,0
1,1,2,53800,5380,5380,43040,0
1,3,3,63250,11500,5750,46000,0
1,1,3,67800,13560,6780,47460,0
2,2,2,33930,0,3770,30160,0
2,3,3,63240,10540,10540,42160,0
2,1,2,69300,13860,6930,48510,0
2,1,2,97080,16180,16180,64720,0
1,2,2,60600,6060,12120,42420,0
1,1,2,53100,5900,5900,41300,0
1,3,2,60210,6690,6690,46830,0
2,1,1,48100,11100,7400,29600,0
2,2,1,77880,12980,12980,51920,0
2,1,1,94560,7880,15760,70920,0
1,3,1,64100,6410,6410,51280,0
2,2,1,51100,10220,5110,35770,0
1,1,1,53500,5350,5350,42800,0
1,2,2,37800,8400,4200,25200,0
2,1,2,57600,9600,9600,38400,0
2,1,2,28800,0,3600,25200,0
1,3,2,76700,7670,7670,61360,0
2,1,2,81800,16360,8180,57260,0
2,2,2,66200,6620,6620,52960,0
2,2,2,45100,8200,4100,32800,0
1,1,2,47300,4730,4730,37840,0
2,2,2,41520,5190,5190,31140,0
1,2,2,87780,7980,7980,71820,0
2,1,2,88220,16040,16040,56140,0
1,1,1,76400,15280,7640,53480,0
4,0,4,4320,0,960,3360,0
4,0,4,5200,650,650,3900,0
4,0,4,3960,660,660,2640,0
4,0,4,4290,780,390,3120,0
4,0,4,4500,450,450,3600,0
3,0,2,4320,480,480,3360,0
3,0,2,8060,1240,1240,5580,0
3,0,2,2250,250,250,1750,0
3,0,2,7080,1180,1180,4720,0
3,0,2,4560,760,380,3420,0
4,0,2,5390,980,980,3430,0
2,3,1,48060,10680,5340,32040,0
2,1,1,56430,0,6270,50160,0
2,2,1,46860,8520,8520,29820,0
1,2,1,41850,4650,4650,32550,0
1,2,1,44640,9920,4960,29760,0
1,3,1,59940,6660,6660,46620,0
4,0,4,5900,590,590,4720,0
3,0,4,3200,640,320,2240,0
4,0,4,5830,1060,530,4240,0
2,2,1,70400,14080,7040,49280,0
4,0,4,4950,900,450,3600,0
2,3,2,76120,13840,6920,55360,0
2,2,2,76560,12760,6380,57420,0
2,3,2,78300,15660,7830,54810,0
1,2,2,69300,13860,13860,41580,0
2,3,2,65500,6550,6550,52400,0
2,3,2,68090,12380,12380,43330,0
2,2,1,58410,10620,5310,42480,0
2,3,1,69850,12700,6350,50800,0
1,1,1,70900,14180,7090,49630,0
2,3,1,60500,12100,6050,42350,0
2,2,1,66780,7420,14840,44520,0
2,1,1,48000,9600,4800,33600,0
2,1,2,28440,3160,3160,22120,0
2,2,2,46560,7760,7760,31040,0
2,1,2,69480,11580,11580,46320,0
1,1,2,63900,7100,7100,49700,0
1,1,2,64080,10680,10680,42720,0
1,2,2,50700,5070,5070,40560,0
1,1,2,64200,10700,10700,42800,0
2,1,2,64920,10820,10820,43280,0
1,3,2,62900,12580,6290,44030,0
1,3,2,52200,5220,10440,36540,0
1,1,2,61320,10220,10220,40880,0
1,3,1,50000,5000,10000,35000,0
2,1,3,50380,4580,4580,41220,0
1,1,3,61560,6840,6840,47880,0
1,2,3,45500,9100,4550,31850,0
2,2,3,79800,15960,7980,55860,0
1,3,3,105040,16160,16160,72720,0
1,1,3,75400,15080,7540,52780,0
2,3,2,48870,5430,5430,38010,0
1,1,2,55200,9200,13800,32200,0
1,3,2,43230,7860,7860,27510,0
1,3,2,34290,3810,3810,26670,0
1,3,2,38700,7740,3870,27090,0
2,3,3,49410,5490,5490,38430,0
1,2,3,53440,0,6680,46760,0
1,1,3,49390,8980,4490,35920,0
1,2,1,56600,11320,5660,39620,0
2,2,3,44400,5550,5550,33300,0
1,2,3,64240,11680,11680,40880,0
1,2,3,72120,12020,12020,48080,0
1,2,3,78200,15640,7820,54740,0
2,1,3,61600,6160,12320,43120,0
2,2,3,51480,5720,5720,40040,0
2,2,3,57060,6340,6340,44380,0
1,3,2,76920,12820,6410,57690,0
1,1,2,77040,8560,8560,59920,0
2,2,2,77200,9650,9650,57900,0
2,3,2,57200,11440,5720,40040,0
2,2,2,61380,11160,5580,44640,0
2,2,2,74880,12480,12480,49920,0
2,3,2,47800,4780,4780,38240,0
1,3,2,48000,4800,9600,33600,0
2,2,2,50800,10160,10160,30480,0
1,1,2,28100,2810,5620,19670,0
1,3,2,30100,3010,0,27090,0
2,3,2,32670,5940,2970,23760,0
1,1,2,54000,6000,6000,42000,0
2,1,3,51210,11380,5690,34140,0
1,3,3,60600,5050,10100,45450,0
2,3,3,93720,17040,8520,68160,0
1,3,3,101860,18520,18520,64820,0
2,3,3,36400,3640,7280,25480,0
2,2,3,41690,7580,7580,26530,0
2,2,3,74700,14940,7470,52290,0
2,1,3,77440,14080,7040,56320,0
1,2,3,90530,16460,16460,57610,0
2,3,3,19080,4240,2120,12720,0
1,1,3,58200,5820,5820,46560,0
1,1,3,61500,12300,6150,43050,0
2,1,1,70680,5890,11780,53010,0
2,1,1,74200,7420,14840,51940,0
2,2,1,75600,12600,12600,50400,0
2,2,1,59040,9840,9840,39360,0
1,2,1,66840,16710,5570,44560,0
1,3,1,69300,6930,13860,48510,0
1,3,3,45000,5000,5000,35000,0
2,1,3,52800,5280,5280,42240,0
1,3,3,53400,5340,5340,42720,0
2,1,1,77110,14020,14020,49070,0
2,2,1,79090,14380,14380,50330,0
1,1,3,42840,3570,7140,32130,0
2,3,1,52380,5820,5820,40740,0
1,3,2,40000,8000,4000,28000,0
2,1,2,47080,4280,8560,34240,0
1,3,2,50000,15000,5000,30000,0
2,1,2,64000,12800,6400,44800,0
1,2,2,68300,6830,13660,47810,0
1,1,2,82060,14920,7460,59680,0
2,2,1,78870,7170,14340,57360,0
2,2,1,56320,10240,5120,40960,0
1,1,1,68530,12460,6230,49840,0
1,1,2,69360,11560,11560,46240,0
2,3,2,73800,12300,12300,49200,0
1,3,1,58500,5850,5850,46800,0
2,2,3,64320,5360,10720,48240,0
1,3,3,88110,16020,16020,56070,0
2,2,2,34320,8580,4290,21450,0
1,1,3,65790,7310,7310,51170,0
1,1,3,78320,7120,14240,56960,0
1,3,3,42000,7000,7000,28000,0
2,2,2,56160,6240,12480,37440,0
1,3,2,82170,7470,7470,67230,0
2,3,2,32320,4040,4040,24240,0
1,3,2,39480,6580,6580,26320,0
2,2,2,42930,9540,4770,28620,0
2,3,2,51030,5670,11340,34020,0
2,2,3,64080,7120,7120,49840,0
1,1,3,73500,7350,14700,51450,0
1,3,3,46200,4200,8400,33600,0
1,2,3,51390,5710,11420,34260,0
2,3,3,44200,8840,4420,30940,0
1,3,3,55600,11120,5560,38920,0
2,1,3,62370,5670,5670,51030,0
1,2,3,57700,5770,5770,46160,0
1,3,3,58300,10600,10600,37100,0
2,3,3,63910,5810,11620,46480,0
1,2,3,52250,9500,4750,38000,0
1,1,3,55800,11160,11160,33480,0
1,3,3,56520,4710,9420,42390,0
1,1,1,85250,15500,7750,62000,0
1,1,1,54160,6770,6770,40620,0
1,2,1,59500,11900,5950,41650,0
1,3,1,48400,9680,4840,33880,0
1,1,1,59400,5940,11880,41580,0
2,1,1,64570,5870,11740,46960,0
2,1,3,72900,14580,14580,43740,0
2,2,3,86060,13240,13240,59580,0
2,2,3,90480,15080,15080,60320,0
1,2,1,94160,8560,17120,68480,0
2,3,3,36300,3300,9900,23100,0
2,3,3,59300,11860,5930,41510,0
2,3,1,41490,4610,4610,32270,0
2,1,2,85020,13080,13080,58860,0
1,3,2,45180,5020,5020,35140,0
2,2,2,48780,5420,10840,32520,0
2,1,2,57970,10540,5270,42160,0
1,2,2,59520,9920,9920,39680,0
2,1,2,64620,7180,0,57440,0
2,1,2,67200,6720,6720,53760,0
2,1,2,69630,12660,6330,50640,0
1,2,2,79500,15900,7950,55650,0
2,1,2,54120,4510,9020,40590,0
1,3,2,54240,6780,6780,40680,0
1,3,2,56070,6230,12460,37380,0
1,3,3,58800,11760,5880,41160,0
1,1,2,68750,12500,6250,50000,0
1,3,2,78900,15780,7890,55230,0
1,3,2,86400,14400,7200,64800,0
2,3,2,38640,4830,4830,28980,0
2,3,2,59070,10740,5370,42960,0
1,3,2,60700,12140,6070,42490,0
2,2,2,79090,14380,7190,57520,0
1,1,2,87200,17440,8720,61040,0
1,2,2,101010,15540,15540,69930,0
1,1,2,38830,3530,3530,31770,0
1,3,2,62590,11380,11380,39830,0
2,2,2,68580,7620,7620,53340,0
1,3,2,79320,13220,6610,59490,0
1,1,3,59670,9180,9180,41310,0
2,3,3,61800,12360,6180,43260,0
2,3,3,66550,6050,12100,48400,0
1,1,3,55700,5570,11140,38990,0
2,1,3,59040,6560,6560,45920,0
1,1,3,47430,5270,5270,36890,0
1,2,2,30700,3070,6140,21490,0
1,2,2,58140,6460,6460,45220,0
1,1,2,74900,14980,7490,52430,0
2,1,3,66550,12100,6050,48400,0
2,1,3,66950,10300,10300,46350,0
2,3,3,77110,0,14020,63090,0
2,2,3,76450,6950,13900,55600,0
2,3,3,99990,18180,18180,63630,0
2,2,3,45700,4570,4570,36560,0
1,1,3,61740,6860,6860,48020,0
2,3,3,62590,5690,11380,45520,0
1,1,3,74140,13480,13480,47180,0
1,3,3,57330,6370,6370,44590,0
2,3,3,51840,8640,8640,34560,0
1,2,3,52700,5270,10540,36890,0
2,1,3,51210,11380,5690,34140,0
2,3,3,51700,5170,10340,36190,0
2,2,3,56320,7040,7040,42240,0
1,2,3,56000,14000,0,42000,0
2,1,1,72800,14560,14560,43680,0
2,1,1,114920,17680,17680,79560,0
2,2,1,72840,12140,6070,54630,0
2,1,1,36700,3670,7340,25690,0
1,2,1,52200,10440,5220,36540,0
1,3,1,60600,12120,6060,42420,0
1,1,1,64350,9900,9900,44550,0
1,3,1,108480,18080,18080,72320,0
2,2,3,36960,6720,3360,26880,0
2,2,1,49400,9880,4940,34580,0
2,1,1,58300,5830,11660,40810,0
2,3,1,64350,7150,7150,50050,0
2,3,2,57700,11540,5770,40390,0
1,2,2,63100,6310,12620,44170,0
2,3,2,39720,6620,6620,26480,0
1,1,3,76050,11700,11700,52650,0
2,1,3,78240,13040,13040,52160,0
1,1,2,43600,8720,4360,30520,0
2,2,2,53040,4420,4420,44200,0
2,3,2,53680,4880,9760,39040,0
2,3,2,67210,12220,12220,42770,0
2,3,2,59700,11940,11940,35820,0
1,2,2,82830,7530,15060,60240,0
1,1,2,48360,8060,8060,32240,0
1,2,3,75460,13720,13720,48020,0
2,2,3,42500,4250,4250,34000,0
2,1,3,51570,5730,11460,34380,0
2,3,3,65400,10900,10900,43600,0
1,1,3,63300,6330,6330,50640,0
2,2,3,64260,0,14280,49980,0
2,1,3,18000,2250,2250,13500,0
1,2,3,57500,5750,5750,46000,0
1,2,3,57700,5770,5770,46160,0
2,3,3,65440,8180,8180,49080,0
1,1,3,75960,6330,6330,63300,0
1,1,3,81120,13520,20280,47320,0
1,3,3,45270,10060,10060,25150,0
1,2,3,64800,10800,5400,48600,0
2,1,3,68970,12540,6270,50160,0
1,2,3,74140,13480,6740,53920,0
1,3,3,49400,4940,9880,34580,0
2,3,3,57100,5710,5710,45680,0
2,3,3,58960,5360,10720,42880,0
1,2,3,49060,8920,8920,31220,0
1,3,3,52030,9460,9460,33110,0
2,2,3,55680,6960,6960,41760,0
1,1,3,80520,13420,6710,60390,0
2,2,3,29300,2930,5860,20510,0
1,1,3,41130,4570,4570,31990,0
2,1,1,51000,8500,8500,34000,0
2,1,1,63580,5780,11560,46240,0
1,2,1,66660,6060,6060,54540,0
2,1,1,37530,4170,4170,29190,0
1,2,2,78120,17360,8680,52080,0
1,3,1,42240,7680,7680,26880,0
2,1,1,54450,6050,12100,36300,0
2,3,1,76890,6990,13980,55920,0
1,1,1,80960,14720,7360,58880,0
2,2,1,38610,3510,3510,31590,0
1,1,1,54900,5490,5490,43920,0
1,3,1,62260,5660,5660,50940,0
1,3,1,66200,6620,6620,52960,0
3,0,2,5220,580,580,4060,0
2,3,3,39690,0,0,39690,0
2,3,3,44190,9820,4910,29460,0
1,1,3,55500,5550,11100,38850,0
1,1,3,27700,2770,2770,22160,0
1,2,3,77880,14160,7080,56640,0
1,3,3,85320,21330,7110,56880,0
2,2,3,55900,5590,5590,44720,0
2,2,3,65070,7230,14460,43380,0
2,1,3,68040,15120,7560,45360,0
1,2,3,73400,7340,7340,58720,0
1,1,3,60840,13520,6760,40560,0
1,2,3,61050,5550,11100,44400,0
2,1,3,62800,6280,12560,43960,0
3,0,4,7370,670,1340,5360,0
3,0,4,5000,1000,500,3500,0
4,0,4,5700,570,570,4560,0
4,0,4,5920,740,740,4440,0
3,0,4,2700,300,300,2100,0
3,0,4,2700,300,300,2100,0
3,0,4,3190,580,290,2320,0
4,0,4,6050,550,1100,4400,0
3,0,4,3840,640,640,2560,0
3,0,4,4200,840,420,2940,0
3,0,4,4400,0,550,3850,0
3,0,4,6890,1060,1060,4770,0
3,0,4,7680,1280,640,5760,0
4,0,4,8800,1760,880,6160,0
1,2,2,57640,5240,10480,41920,0
1,1,2,59400,6600,6600,46200,0
1,1,2,62920,9680,14520,38720,0
1,2,2,33480,3720,3720,26040,0
1,2,2,33550,3050,6100,24400,0
2,2,2,37520,4690,4690,28140,0
1,3,2,65250,7250,7250,50750,0
4,0,2,2970,330,330,2310,0
3,0,2,3080,560,560,1960,0
3,0,2,6120,1020,1020,4080,0
2,1,2,79560,6630,13260,59670,0
2,2,2,91080,16560,16560,57960,0
1,1,2,100210,18220,18220,63770,0
2,2,2,31680,3520,3520,24640,0
2,1,3,59730,10860,10860,38010,0
2,3,3,67800,11300,11300,45200,0
2,1,3,77100,15420,7710,53970,0
2,2,3,84590,15380,7690,61520,0
1,3,3,56610,6290,6290,44030,0
2,2,3,57900,5790,5790,46320,0
1,3,3,80080,12320,12320,55440,0
3,0,2,3300,600,600,2100,0
3,0,2,4800,960,480,3360,0
3,0,2,5160,860,860,3440,0
1,3,3,80100,8900,8900,62300,0
2,2,3,93480,15580,7790,70110,0
4,0,2,2640,480,480,1680,0
2,2,3,93730,14420,21630,57680,0
3,0,2,5490,0,1220,4270,0
3,0,2,5500,1100,550,3850,0
2,1,3,53460,5940,5940,41580,0
2,3,3,79680,13280,13280,53120,0
1,1,3,87010,7910,15820,63280,0
3,0,2,5600,1120,560,3920,0
2,2,2,70900,14180,7090,49630,0
1,2,2,70920,11820,11820,47280,0
2,1,2,77100,7710,15420,53970,0
3,0,2,6820,1240,1240,4340,0
3,0,2,7040,1280,640,5120,0
4,0,2,9020,1640,820,6560,0
2,3,3,53280,5920,0,47360,0
2,2,3,88400,17680,8840,61880,0
2,2,3,94930,8630,8630,77670,0
2,1,3,29790,3310,3310,23170,0
2,1,3,60480,5040,15120,40320,0
1,2,3,70830,7870,7870,55090,0
2,2,3,83160,15120,15120,52920,0
1,2,3,40500,4050,4050,32400,0
2,1,3,77990,7090,14180,56720,0
1,2,3,90970,16540,16540,57890,0
1,3,3,52030,9460,4730,37840,0
2,3,3,46200,4200,8400,33600,0
1,3,3,70290,7810,7810,54670,0
2,3,3,74160,6180,12360,55620,0
1,3,2,79300,15860,15860,47580,0
1,2,2,100800,16800,16800,67200,0
1,2,1,52800,10560,5280,36960,0
1,1,2,62920,11440,5720,45760,0
2,2,2,65040,10840,10840,43360,0
2,3,2,65780,5980,11960,47840,0
1,2,1,54340,9880,4940,39520,0
2,3,1,87300,17460,17460,52380,0
3,0,4,5760,960,960,3840,0
3,0,4,7150,1300,650,5200,0
1,3,1,58500,0,6500,52000,0
2,3,1,48070,8740,8740,30590,0
2,2,1,70510,12820,12820,44870,0
2,3,2,51740,11940,7960,31840,0
1,1,2,63470,5770,11540,46160,0
2,3,2,70290,12780,12780,44730,0
2,1,2,77700,7770,15540,54390,0
4,0,2,6600,1200,1200,4200,0
3,0,2,7500,750,1500,5250,0
2,2,2,61400,6140,6140,49120,0
2,1,2,78500,15700,7850,54950,0
4,0,2,8700,870,1740,6090,0
1,3,2,34800,3480,6960,24360,0
1,3,2,44240,5530,5530,33180,0
2,1,2,95150,17300,17300,60550,0
3,0,2,5500,500,500,4500,0
4,0,2,6160,560,1680,3920,0
4,0,2,7110,790,1580,4740,0
1,1,2,66660,12120,6060,48480,0
2,2,2,67500,7500,7500,52500,0
2,2,2,71640,5970,11940,53730,0
2,3,2,53020,9640,9640,33740,0
2,2,2,62280,5190,10380,46710,0
2,3,2,64400,6440,6440,51520,0
2,3,2,72100,7210,14420,50470,0
1,1,2,90240,15040,15040,60160,0
3,0,2,3690,410,410,2870,0
3,0,2,3870,430,860,2580,0
1,3,2,74700,7470,14940,52290,0
2,3,2,85300,17060,8530,59710,0
1,2,2,86790,7890,23670,55230,0
1,2,2,34650,6300,3150,25200,0
1,2,3,46800,4680,9360,32760,0
1,1,3,56000,5600,5600,44800,0
2,1,3,61100,6110,12220,42770,0
1,1,3,71800,14360,14360,43080,0
1,2,3,89650,8150,16300,65200,0
2,2,3,24200,2200,4400,17600,0
2,2,3,68000,13600,6800,47600,0
2,2,3,44200,4420,4420,35360,0
1,1,3,57310,5210,10420,41680,0
3,0,2,7480,680,680,6120,0
1,3,3,70700,7070,14140,49490,0
1,3,3,85690,15580,15580,54530,0
2,2,3,37840,0,4730,33110,0
2,1,2,78650,21450,7150,50050,0
2,3,2,95900,13700,20550,61650,0
2,2,1,72000,7200,7200,57600,0
1,1,2,53400,5340,5340,42720,0
2,2,2,61490,5590,11180,44720,0
2,3,2,72820,13240,6620,52960,0
2,2,1,79560,13260,13260,53040,0
2,3,1,62300,12460,6230,43610,0
1,3,1,81400,8140,8140,65120,0
2,2,1,87900,17580,8790,61530,0
2,2,1,60400,6040,6040,48320,0
2,3,1,79750,14500,14500,50750,0
1,3,1,33480,3720,3720,26040,0
1,2,2,50490,5610,5610,39270,0
2,3,2,63300,12660,6330,44310,0
1,3,2,66950,10300,10300,46350,0
1,1,2,69400,13880,6940,48580,0
4,0,2,4900,490,490,3920,0
3,0,2,8640,1440,720,6480,0
1,2,2,60570,6730,6730,47110,0
1,1,2,78000,6500,13000,58500,0
4,0,2,5060,460,920,3680,0
3,0,2,6200,1240,620,4340,0
2,3,2,31700,6340,3170,22190,0
2,3,2,80880,6740,13480,60660,0
3,0,2,2520,280,280,1960,0
4,0,2,3960,330,660,2970,0
1,3,2,75500,7550,15100,52850,0
1,3,1,51600,10320,5160,36120,0
2,2,1,51800,5180,10360,36260,0
2,3,2,47160,0,5240,41920,0
2,3,2,53370,5930,5930,41510,0
2,1,2,64680,11760,11760,41160,0
2,3,1,64400,6440,6440,51520,0
2,1,1,61920,6880,6880,48160,0
1,2,1,63030,5730,11460,45840,0
3,0,4,3190,580,290,2320,0
1,2,1,44200,4420,8840,30940,0
1,3,1,59200,0,11840,47360,0
1,2,1,49800,9960,4980,34860,0
2,1,2,40600,4060,4060,32480,0
1,3,2,51260,9320,9320,32620,0
1,3,2,54400,5440,5440,43520,0
1,3,2,57330,12740,6370,38220,0
3,0,2,8030,1460,730,5840,0
2,2,2,32480,4060,4060,24360,0
2,3,2,34650,7700,3850,23100,0
2,2,2,62920,11440,5720,45760,0
3,0,2,5590,860,860,3870,0
4,0,2,8760,1460,1460,5840,0
2,2,2,39800,7960,3980,27860,0
1,3,2,86130,15660,15660,54810,0
1,3,2,91650,14100,14100,63450,0
4,0,2,2160,480,240,1440,0
2,2,3,44110,4010,8020,32080,0
2,3,3,45630,5070,5070,35490,0
1,3,3,47300,4300,8600,34400,0
3,0,4,6600,600,1200,4800,0
3,0,4,7590,1380,690,5520,0
1,1,3,32800,3280,3280,26240,0
2,1,3,51590,9380,9380,32830,0
2,2,3,68160,11360,11360,45440,0
2,3,3,69740,6340,6340,57060,0
1,3,3,71440,8930,8930,53580,0
2,2,3,57900,17370,5790,34740,0
1,1,3,60480,6720,6720,47040,0
2,1,3,65430,14540,7270,43620,0
4,0,4,3440,430,430,2580,0
3,0,4,3900,780,390,2730,0
3,0,4,4680,520,0,4160,0
4,0,4,5000,500,500,4000,0
3,0,4,4950,900,450,3600,0
3,0,4,7290,810,810,5670,0
4,0,4,10790,1660,830,8300,0
4,0,4,5670,1260,630,3780,0
4,0,4,6560,820,820,4920,0
4,0,4,3200,400,400,2400,0
4,0,4,3300,600,0,2700,0
4,0,4,5940,660,660,4620,0
4,0,4,6030,670,670,4690,0
4,0,4,6050,1100,1100,3850,0
2,3,3,51090,7860,7860,35370,0
1,3,3,75790,13780,6890,55120,0
1,2,3,45100,9020,4510,31570,0
1,2,3,69400,6940,6940,55520,0
3,0,2,9000,900,1800,6300,0
2,2,3,50500,10100,5050,35350,0
2,2,3,75690,8410,8410,58870,0
1,2,3,72930,6630,13260,53040,0
2,3,3,44910,4990,4990,34930,0
1,1,3,58560,9760,9760,39040,0
2,1,3,61650,6850,6850,47950,0
2,1,3,77130,8570,17140,51420,0
2,3,3,84600,16920,8460,59220,0
1,1,3,85150,13100,13100,58950,0
4,0,2,6000,1000,1000,4000,0
3,0,2,4300,430,430,3440,0
4,0,2,5590,860,860,3870,0
4,0,2,6480,540,1080,4860,0
3,0,4,7080,1180,590,5310,0
3,0,4,7200,720,1440,5040,0
3,0,4,7260,1320,660,5280,0
4,0,2,8190,1890,1260,5040,0
4,0,2,5900,1180,590,4130,0
3,0,2,6240,960,960,4320,0
4,0,2,6500,1300,650,4550,0
3,0,2,3520,640,320,2560,0
3,0,2,5100,1020,510,3570,0
4,0,2,5850,1300,650,3900,0
1,1,2,56400,11280,11280,33840,0
1,2,2,61490,5590,11180,44720,0
2,3,2,62900,6290,12580,44030,0
1,2,2,67320,11220,11220,44880,0
1,3,2,70400,12800,12800,44800,0
2,1,2,84720,14120,14120,56480,0
2,3,2,81500,16300,8150,57050,0
2,2,1,68760,11460,5730,51570,0
1,2,1,95000,9500,9500,76000,0
2,1,1,52560,11680,5840,35040,0
2,2,2,84500,13000,13000,58500,0
2,3,2,88920,6840,13680,68400,0
2,3,1,63600,6360,12720,44520,0
2,3,2,65800,13160,6580,46060,0
1,1,3,71100,7110,14220,49770,0
1,2,3,103560,8630,17260,77670,0
2,2,2,41700,8340,8340,25020,0
2,2,3,62810,11420,11420,39970,0
2,2,3,67650,12300,6150,49200,0
1,1,3,70290,12780,6390,51120,0
1,2,2,59490,6610,6610,46270,0
1,1,2,105820,16280,16280,73260,0
2,2,2,51660,5740,5740,40180,0
1,2,2,64900,12980,12980,38940,0
1,3,2,70500,7050,14100,49350,0
1,2,2,73370,13340,6670,53360,0
2,2,2,82400,8240,8240,65920,0
4,0,4,5400,600,600,4200,0
3,0,4,5600,700,700,4200,0
4,0,4,5640,940,940,3760,0
4,0,4,5900,590,590,4720,0
3,0,4,6100,610,1220,4270,0
3,0,4,7080,1180,1180,4720,0
4,0,2,1920,480,0,1440,0
4,0,2,5330,1230,820,3280,0
3,0,2,6930,1260,630,5040,0
4,0,2,2400,300,300,1800,0
4,0,2,4200,420,840,2940,0
3,0,2,4620,420,840,3360,0
3,0,2,4680,520,520,3640,0
4,0,4,5060,460,920,3680,0
3,0,2,4700,470,940,3290,0
4,0,2,5940,1080,540,4320,0
3,0,2,7800,780,780,6240,0
4,0,2,6160,560,1120,4480,0
3,0,2,9100,1400,1400,6300,0
4,0,2,2640,480,480,1680,0
3,0,2,8970,1380,1380,6210,0
4,0,4,7260,660,1320,5280,0
3,0,4,3190,290,580,2320,0
4,0,4,3840,640,320,2880,0
3,0,4,4320,480,960,2880,0
4,0,4,4700,940,470,3290,0
3,0,4,6490,1180,1180,4130,0
3,0,4,2640,220,440,1980,0
4,0,4,3850,350,350,3150,0
3,0,4,4950,450,900,3600,0
4,0,4,5400,900,900,3600,0
4,0,4,5830,1060,1060,3710,0
4,0,4,6300,630,630,5040,0
3,0,4,6400,640,640,5120,0
4,0,4,5060,460,920,3680,0
3,0,4,5170,470,940,3760,0
3,0,4,6600,660,1320,4620,0
3,0,4,7200,1440,720,5040,0
3,0,4,2800,280,280,2240,0
4,0,4,3190,580,580,2030,0
3,0,4,3600,400,400,2800,0
4,0,2,5170,940,470,3760,0
4,0,2,6400,640,640,5120,0
3,0,2,6500,1300,650,4550,0
4,0,2,3080,560,280,2240,0
4,0,2,4290,780,780,2730,0
4,0,2,4900,490,1470,2940,0
4,0,2,6700,670,670,5360,0
4,0,2,3770,580,580,2610,0
4,0,2,4300,860,860,2580,0
4,0,2,7400,740,1480,5180,0
3,0,2,6820,1240,620,4960,0
4,0,2,7280,1120,1120,5040,0
3,0,2,3740,680,680,2380,0
1,2,1,77440,7040,14080,56320,0
1,1,2,58500,11700,5850,40950,0
2,3,2,79500,7950,7950,63600,0
1,3,2,79600,15920,15920,47760,0
1,2,3,82720,7520,15040,60160,0
2,2,2,42500,8500,4250,29750,0
2,2,2,51400,5140,10280,35980,0
1,1,2,87100,8710,8710,69680,0
2,2,2,52290,5810,11620,34860,0
1,1,2,53460,9720,4860,38880,0
2,2,2,60170,5470,10940,43760,0
1,2,2,48730,4430,4430,39870,0
1,3,2,79530,14460,7230,57840,0
1,1,2,90400,9040,9040,72320,0
2,1,3,65520,10920,5460,49140,0
2,3,3,60750,6750,6750,47250,0
2,2,3,77770,14140,14140,49490,0
2,3,3,81070,14740,14740,51590,0
2,3,3,77440,14080,7040,56320,0
1,1,3,84590,15380,15380,53830,0
2,3,3,30700,3070,6140,21490,0
1,2,3,35000,3500,7000,24500,0
2,2,3,60200,6020,6020,48160,0
2,1,3,61440,10240,10240,40960,0
1,1,3,62460,6940,6940,48580,0
1,1,3,42900,8580,0,34320,0
1,1,3,48290,8780,8780,30730,0
2,3,3,53900,5390,10780,37730,0
4,0,4,2640,440,440,1760,0
3,0,4,4320,480,480,3360,0
4,0,4,6930,630,1260,5040,0
3,0,4,4590,510,510,3570,0
3,0,4,5940,660,660,4620,0
4,0,4,6820,620,1240,4960,0
3,0,4,7480,680,680,6120,0
3,0,4,6890,530,1060,5300,0
3,0,4,7700,770,1540,5390,0
2,2,3,42900,3900,3900,35100,0
4,0,4,100,10,20,70,0
3,0,4,4100,820,410,2870,0
3,0,4,4620,420,840,3360,0
1,1,1,91260,14040,14040,63180,0
2,1,2,74200,7420,7420,59360,0
1,3,2,80280,13380,13380,53520,0
1,3,1,46980,5220,5220,36540,0
1,1,2,64080,7120,7120,49840,0
2,3,2,67600,13520,6760,47320,0
2,1,2,74030,6730,13460,53840,0
2,3,1,52110,5790,5790,40530,0
2,2,1,57720,14430,9620,33670,0
1,2,1,71060,6460,12920,51680,0
1,2,1,76900,7690,7690,61520,0
2,1,1,61500,6150,12300,43050,0
1,1,1,83160,6930,13860,62370,0
1,3,1,55110,5010,10020,40080,0
1,1,3,61270,5570,11140,44560,0
2,1,3,81960,13660,13660,54640,0
2,1,3,89520,14920,14920,59680,0
1,3,3,46980,0,5220,41760,0
1,3,3,51120,5680,5680,39760,0
2,3,3,53680,9760,4880,39040,0
1,2,3,40320,5760,5760,28800,0
1,1,3,74360,13520,6760,54080,0
1,3,3,76600,15320,7660,53620,0
2,2,3,90600,15100,15100,60400,0
1,3,3,42300,4700,4700,32900,0
2,2,3,48950,8900,4450,35600,0
2,3,3,55120,6890,0,48230,0
2,2,3,44280,7380,3690,33210,0
1,1,3,49900,4990,9980,34930,0
1,2,3,53680,4880,4880,43920,0
1,3,3,54560,9920,9920,34720,0
2,2,1,76120,6920,13840,55360,0
2,3,1,77800,15560,15560,46680,0
1,3,3,44220,8040,4020,32160,0
2,2,3,57060,6340,6340,44380,0
1,1,3,69700,6970,6970,55760,0
2,1,3,73560,12260,12260,49040,0
2,1,3,79080,6590,13180,59310,0
1,2,3,61700,6170,6170,49360,0
1,2,3,65780,11960,11960,41860,0
1,1,3,67320,12240,12240,42840,0
2,1,3,26730,4860,4860,17010,0
1,2,3,35750,6500,3250,26000,0
2,3,3,40160,5020,0,35140,0
2,2,1,69480,11580,11580,46320,0
2,3,1,63720,7080,21240,35400,0
1,2,1,73320,6110,12220,54990,0
2,3,3,41490,9220,4610,27660,0
1,1,3,63240,10540,5270,47430,0
2,2,3,65100,6510,6510,52080,0
2,2,3,69100,6910,6910,55280,0
2,2,3,54340,9880,0,44460,0
2,3,3,57000,0,11400,45600,0
1,3,3,61490,11180,11180,39130,0
2,3,1,66240,11040,11040,44160,0
1,2,2,69840,7760,15520,46560,0
1,2,2,108030,16620,16620,74790,0
1,3,2,40800,6800,6800,27200,0
1,2,2,48360,4030,8060,36270,0
1,2,2,56300,5630,11260,39410,0
2,3,2,58850,10700,10700,37450,0
2,3,2,57200,5200,10400,41600,0
2,1,2,68400,11400,11400,45600,0
1,2,2,95810,14740,14740,66330,0
1,2,1,62640,10440,10440,41760,0
1,3,2,61740,6860,6860,48020,0
1,3,2,77880,7080,14160,56640,0
1,2,2,43560,4840,4840,33880,0
